James, Butt, Orleans, LA
Josephine, Darakjy, Livingston, MI
Art, Venere, Gloucester, NJ
Lenna, Paprocki, Anchorage, AK
Donette, Foller, Butler, OH
Simona, Morasca, Ashland, OH
Mitsue, Tollner, Cook, IL
Leota, Dilliard, Santa Clara, CA
Sage, Wieser, Minnehaha, SD
Kris, Marrier, Baltimore City, MD
Minna, Amigon, Montgomery, PA
Abel, Maclead, Suffolk, NY
Kiley, Caldarera, Los Angeles, CA
Graciela, Ruta, Geauga, OH
Cammy, Albares, Webb, TX
Mattie, Poquette, Maricopa, AZ
Meaghan, Garufi, Warren, TN
Gladys, Rim, Milwaukee, WI
Yuki, Whobrey, Wayne, MI
Fletcher, Flosi, Winnebago, IL
Bette, Nicka, Delaware, PA
Veronika, Inouye, Santa Clara, CA
Willard, Kolmetz, Dallas, TX
Steve, Emigh, Summit, OH
Alisha, Slusarski, Middlesex, NJ
Allene, Iturbide, Portage, WI
Chanel, Caudy, Johnson, KS
Ezekiel, Chui, Talbot, MD
Willow, Kusko, New York, NY
Bernardo, Figeroa, Montgomery, TX
Ammie, Corrio, Franklin, OH
Francine, Vocelka, Dona Ana, NM
Ernie, Stenseth, Bergen, NJ
Albina, Glick, Middlesex, NJ
Alishia, Sergi, New York, NY
Solange, Shinko, Jefferson, LA
Jose, Stockham, New York, NY
Rozella, Ostrosky, Ventura, CA
Valentine, Gillian, Bexar, TX
Kati, Rulapaugh, Dickinson, KS
Youlanda, Schemmer, Crook, OR
Dyan, Oldroyd, Johnson, KS
Roxane, Campain, Fairbanks North Star, AK
Lavera, Perin, Miami-Dade, FL
Erick, Ferencz, Fairbanks North Star, AK
Fatima, Saylors, Hennepin, MN
Jina, Briddick, Suffolk, MA
Kanisha, Waycott, Los Angeles, CA
Emerson, Bowley, Dane, WI
Blair, Malet, Philadelphia, PA
Brock, Bolognia, New York, NY
Lorrie, Nestle, Coffee, TN
Sabra, Uyetake, Richland, SC
Marjory, Mastella, Delaware, PA
Karl, Klonowski, Hunterdon, NJ
Tonette, Wenner, Nassau, NY
Amber, Monarrez, Montgomery, PA
Shenika, Seewald, Los Angeles, CA
Delmy, Ahle, Providence, RI
Deeanna, Juhas, Montgomery, PA
Blondell, Pugh, Providence, RI
Jamal, Vanausdal, Middlesex, NJ
Cecily, Hollack, Travis, TX
Carmelina, Lindall, Douglas, CO
Maurine, Yglesias, Milwaukee, WI
Tawna, Buvens, New York, NY
Penney, Weight, Anchorage, AK
Elly, Morocco, Erie, PA
Ilene, Eroman, Anne Arundel, MD
Vallie, Mondella, Ada, ID
Kallie, Blackwood, San Francisco, CA
Johnetta, Abdallah, Orange, NC
Bobbye, Rhym, San Mateo, CA
Micaela, Rhymes, Contra Costa, CA
Tamar, Hoogland, Madison, OH
Moon, Parlato, Allegany, NY
Laurel, Reitler, Baltimore City, MD
Delisa, Crupi, Essex, NJ
Viva, Toelkes, Cook, IL
Elza, Lipke, Essex, NJ
Devorah, Chickering, Curry, NM
Timothy, Mulqueen, Richmond, NY
Arlette, Honeywell, Duval, FL
Dominque, Dickerson, Alameda, CA
Lettie, Isenhower, Cuyahoga, OH
Myra, Munns, Tarrant, TX
Lai, Gato, Cook, IL
Tyra, Shields, Philadelphia, PA
Tammara, Wardrip, San Mateo, CA
Cory, Gibes, Los Angeles, CA
Danica, Bruschke, McLennan, TX
Wilda, Giguere, Anchorage, AK
Elvera, Benimadho, Santa Clara, CA
Carma, Vanheusen, Alameda, CA
Malinda, Hochard, Marion, IN
Natalie, Fern, Sweetwater, WY
Lisha, Centini, Fairfax, VA
Arlene, Klusman, Orleans, LA
Alease, Buemi, Boulder, CO
Louisa, Cronauer, Alameda, CA
Angella, Cetta, Honolulu, HI
Cyndy, Goldammer, Dakota, MN
Rosio, Cork, Guilford, NC
Celeste, Korando, Nassau, NY
Twana, Felger, Washington, OR
Estrella, Samu, Rock, WI
Donte, Kines, Worcester, MA
Tiffiny, Steffensmeier, Miami-Dade, FL
Edna, Miceli, Erie, PA
Sue, Kownacki, Dallas, TX
Jesusa, Shin, Coffee, TN
Rolland, Francescon, Passaic, NJ
Pamella, Schmierer, Miami-Dade, FL
Glory, Kulzer, Baltimore, MD
Shawna, Palaspas, Ventura, CA
Brandon, Callaro, Honolulu, HI
Scarlet, Cartan, Dougherty, GA
Oretha, Menter, Suffolk, MA
Ty, Smith, Bergen, NJ
Xuan, Rochin, San Mateo, CA
Lindsey, Dilello, San Bernardino, CA
Devora, Perez, Alameda, CA
Herman, Demesa, Rensselaer, NY
Rory, Papasergi, Lackawanna, PA
Talia, Riopelle, Essex, NJ
Van, Shire, Hunterdon, NJ
Lucina, Lary, Brevard, FL
Bok, Isaacs, Bronx, NY
Rolande, Spickerman, Honolulu, HI
Howard, Paulas, Denver, CO
Kimbery, Madarang, Morris, NJ
Thurman, Manno, Atlantic, NJ
Becky, Mirafuentes, Union, NJ
Beatriz, Corrington, Plymouth, MA
Marti, Maybury, Cook, IL
Nieves, Gotter, Multnomah, OR
Leatha, Hagele, Dallas, TX
Valentin, Klimek, Cook, IL
Melissa, Wiklund, Hancock, OH
Sheridan, Zane, Riverside, CA
Bulah, Padilla, McLennan, TX
Audra, Kohnert, Davidson, TN
Daren, Weirather, Milwaukee, WI
Fernanda, Jillson, Caroline, MD
Gearldine, Gellinger, Dallas, TX
Chau, Kitzman, Los Angeles, CA
Theola, Frey, Nassau, NY
Cheryl, Haroldson, Atlantic, NJ
Laticia, Merced, Hamilton, OH
Carissa, Batman, Lane, OR
Lezlie, Craghead, Johnston, NC
Ozell, Shealy, New York, NY
Arminda, Parvis, Maricopa, AZ
Reita, Leto, Marion, IN
Yolando, Luczki, Onondaga, NY
Lizette, Stem, Camden, NJ
Gregoria, Pawlowicz, Nassau, NY
Carin, Deleo, Pulaski, AR
Chantell, Maynerich, Ramsey, MN
Dierdre, Yum, Philadelphia, PA
Larae, Gudroe, Terrebonne, LA
Latrice, Tolfree, Suffolk, NY
Kerry, Theodorov, Sacramento, CA
Dorthy, Hidvegi, Ada, ID
Fannie, Lungren, Williamson, TX
Evangelina, Radde, Philadelphia, PA
Novella, Degroot, Hawaii, HI
Clay, Hoa, Washoe, NV
Jennifer, Fallick, Cook, IL
Irma, Wolfgramm, Morris, NJ
Eun, Coody, Spartanburg, SC
Sylvia, Cousey, Carroll, MD
Nana, Wrinkles, Westchester, NY
Layla, Springe, New York, NY
Joesph, Degonia, Alameda, CA
Annabelle, Boord, Middlesex, MA
Stephaine, Vinning, San Francisco, CA
Nelida, Sawchuk, Bergen, NJ
Marguerita, Hiatt, Contra Costa, CA
Carmela, Cookey, Cook, IL
Junita, Brideau, Essex, NJ
Claribel, Varriano, Wood, OH
Benton, Skursky, Los Angeles, CA
Hillary, Skulski, Citrus, FL
Merilyn, Bayless, Santa Clara, CA
Teri, Ennaco, Luzerne, PA
Merlyn, Lawler, Hudson, NJ
Georgene, Montezuma, Contra Costa, CA
Jettie, Mconnell, Somerset, NJ
Lemuel, Latzke, Suffolk, NY
Melodie, Knipp, Ventura, CA
Candida, Corbley, Somerset, NJ
Karan, Karpin, Washington, OR
Andra, Scheyer, Marion, OR
Felicidad, Poullion, Burlington, NJ
Belen, Strassner, Douglas, GA
Gracia, Melnyk, Duval, FL
Jolanda, Hanafan, Penobscot, ME
Barrett, Toyama, Tarrant, TX
Helga, Fredicks, Erie, NY
Ashlyn, Pinilla, Miami-Dade, FL
Fausto, Agramonte, New York, NY
Ronny, Caiafa, Philadelphia, PA
Marge, Limmel, Okaloosa, FL
Norah, Waymire, San Francisco, CA
Aliza, Baltimore, Santa Clara, CA
Mozell, Pelkowski, San Mateo, CA
Viola, Bitsuie, Los Angeles, CA
Franklyn, Emard, Philadelphia, PA
Willodean, Konopacki, Lafayette, LA
Beckie, Silvestrini, Wayne, MI
Rebecka, Gesick, Travis, TX
Frederica, Blunk, Dallas, TX
Glen, Bartolet, King, WA
Freeman, Gochal, Chester, PA
Vincent, Meinerding, Philadelphia, PA
Rima, Bevelacqua, Los Angeles, CA
Glendora, Sarbacher, Sonoma, CA
Avery, Steier, Orange, FL
Cristy, Lother, San Diego, CA
Nicolette, Brossart, Worcester, MA
Tracey, Modzelewski, Montgomery, TX
Virgina, Tegarden, Milwaukee, WI
Tiera, Frankel, Los Angeles, CA
Alaine, Bergesen, Westchester, NY
Earleen, Mai, Dallas, TX
Leonida, Gobern, Harrison, MS
Justine, Mugnolo, New York, NY
Eladia, Saulter, Bergen, NJ
Chaya, Malvin, Washtenaw, MI
Gwenn, Suffield, Suffolk, NY
Salena, Karpel, Stark, OH
Yoko, Fishburne, New Haven, CT
Taryn, Moyd, Fairfax City, VA
Katina, Polidori, Middlesex, MA
Rickie, Plumer, Lucas, OH
Alex, Loader, Pierce, WA
Lashon, Vizarro, Placer, CA
Lauran, Burnard, Fremont, WY
Ceola, Setter, Knox, ME
My, Rantanen, Bucks, PA
Lorrine, Worlds, Hillsborough, FL
Peggie, Sturiale, San Diego, CA
Marvel, Raymo, Brazos, TX
Daron, Dinos, Lake, IL
An, Fritz, Atlantic, NJ
Portia, Stimmel, Somerset, NJ
Rhea, Aredondo, Kings, NY
Benedict, Sama, Saint Louis City, MO
Alyce, Arias, San Joaquin, CA
Heike, Berganza, Passaic, NJ
Carey, Dopico, Marion, IN
Dottie, Hellickson, King, WA
Deandrea, Hughey, Alamance, NC
Kimberlie, Duenas, Ellis, KS
Martina, Staback, Orange, FL
Skye, Fillingim, Hennepin, MN
Jade, Farrar, Richland, SC
Charlene, Hamilton, Sonoma, CA
Geoffrey, Acey, Cook, IL
Stevie, Westerbeck, Orange, CA
Pamella, Fortino, Denver, CO
Harrison, Haufler, New Haven, CT
Johnna, Engelberg, Snohomish, WA
Buddy, Cloney, Cuyahoga, OH
Dalene, Riden, Rockingham, NH
Jerry, Zurcher, Brevard, FL
Haydee, Denooyer, New York, NY
Joseph, Cryer, Orange, CA
Deonna, Kippley, Oakland, MI
Raymon, Calvaresi, Marion, IN
Alecia, Bubash, Wichita, TX
Ma, Layous, New Haven, CT
Detra, Coyier, Harford, MD
Terrilyn, Rodeigues, Orleans, LA
Salome, Lacovara, Richmond City, VA
Dan, Perruzza, Orange, CA
Matthew, Neither, Scott, MN
Theodora, Restrepo, Miami-Dade, FL
Noah, Kalafatis, Milwaukee, WI
Carmen, Sweigard, Somerset, NJ
Lavonda, Hengel, Cass, ND
Junita, Stoltzman, Carson City, NV
Herminia, Nicolozakes, Maricopa, AZ
Casie, Good, Davidson, TN
Reena, Maisto, Wicomico, MD
Mirta, Mallett, New York, NY
Cathrine, Pontoriero, Randall, TX
Raul, Upthegrove, San Diego, CA
Sarah, Candlish, Fulton, GA
Lucy, Treston, Worcester, MA
Judy, Aquas, Berrien, MI
Yvonne, Tjepkema, Essex, NJ
Kayleigh, Lace, Lafayette, LA
Felix, Hirpara, Lancaster, PA
Tresa, Sweely, Saint Louis, MO
Kristeen, Turinetti, Tarrant, TX
Jenelle, Regusters, Hillsborough, FL
Renea, Monterrubio, Fulton, GA
Olive, Matuszak, Riverside, CA
Ligia, Reiber, Ingham, MI
Christiane, Eschberger, Maricopa, AZ
Goldie, Schirpke, Penobscot, ME
Loreta, Timenez, Prince Georges, MD
Fabiola, Hauenstein, York, PA
Amie, Perigo, Dallas, TX
Raina, Brachle, Silver Bow, MT
Erinn, Canlas, Essex, NJ
Cherry, Lietz, Oakland, MI
Kattie, Vonasek, Cuyahoga, OH
Lilli, Scriven, Taylor, TX
Whitley, Tomasulo, Tarrant, TX
Barbra, Adkin, Kings, NY
Hermila, Thyberg, Providence, RI
Jesusita, Flister, Lancaster, PA
Caitlin, Julia, Providence, RI
Roosevelt, Hoffis, Miami-Dade, FL
Helaine, Halter, Hudson, NJ
Lorean, Martabano, Bexar, TX
France, Buzick, Kings, NY
Justine, Ferrario, Los Angeles, CA
Adelina, Nabours, Cuyahoga, OH
Derick, Dhamer, New York, NY
Jerry, Dallen, Richmond City, VA
Leota, Ragel, Chattooga, GA
Aja, Gehrett, Essex, NJ
Kirk, Herritt, Broome, NY
Leonora, Mauson, Passaic, NJ
Winfred, Brucato, Latah, ID
Tarra, Nachor, San Francisco, CA
Corinne, Loder, Bristol, MA
Dulce, Labreche, Oakland, MI
Kate, Keneipp, Brown, WI
Kaitlyn, Ogg, Baltimore City, MD
Sherita, Saras, El Paso, CO
Lashawnda, Stuer, Lucas, OH
Ernest, Syrop, Prince Georges, MD
Nobuko, Halsey, Bristol, MA
Lavonna, Wolny, Fairfax, VA
Lashaunda, Lizama, Anne Arundel, MD
Mariann, Bilden, Travis, TX
Helene, Rodenberger, Maricopa, AZ
Roselle, Estell, Crawford, OH
Samira, Heintzman, King, WA
Margart, Meisel, Hamilton, OH
Kristofer, Bennick, Monroe, IN
Weldon, Acuff, Cook, IL
Shalon, Shadrick, Kings, NY
Denise, Patak, Orange, FL
Louvenia, Beech, Los Angeles, CA
Audry, Yaw, Hillsborough, FL
Kristel, Ehmann, El Paso, TX
Vincenza, Zepp, San Diego, CA
Elouise, Gwalthney, Prince Georges, MD
Venita, Maillard, Orange, CA
Kasandra, Semidey, Saint Louis City, MO
Xochitl, Discipio, Williamson, TX
Maile, Linahan, Guilford, NC
Krissy, Rauser, Suffolk, NY
Pete, Dubaldi, Bergen, NJ
Linn, Paa, Shelby, TN
Paris, Wide, Fulton, GA
Wynell, Dorshorst, San Mateo, CA
Quentin, Birkner, Dakota, MN
Regenia, Kannady, Maricopa, AZ
Sheron, Louissant, Queens, NY
Izetta, Funnell, Dekalb, GA
Rodolfo, Butzen, Rice, MN
Zona, Colla, Fairfield, CT
Serina, Zagen, Allen, IN
Paz, Sahagun, Lauderdale, MS
Markus, Lukasik, Macomb, MI
Jaclyn, Bachman, El Paso, CO
Cyril, Daufeldt, New York, NY
Gayla, Schnitzler, Alameda, CA
Erick, Nievas, Cook, IL
Jennie, Drymon, Lackawanna, PA
Mitsue, Scipione, Butte, CA
Ciara, Ventura, Orange, NY
Galen, Cantres, Cuyahoga, OH
Truman, Feichtner, Essex, NJ
Gail, Kitty, Anchorage, AK
Dalene, Schoeneck, Philadelphia, PA
Gertude, Witten, Hamilton, OH
Lizbeth, Kohl, Los Angeles, CA
Glenn, Berray, Polk, IA
Lashandra, Klang, Montgomery, PA
Lenna, Newville, Wake, NC
Laurel, Pagliuca, Benton, WA
Mireya, Frerking, Westchester, NY
Annelle, Tagala, Baltimore, MD
Dean, Ketelsen, Nassau, NY
Levi, Munis, Worcester, MA
Sylvie, Ryser, Tulsa, OK
Sharee, Maile, Muskegon, MI
Cordelia, Storment, Lafayette, LA
Mollie, Mcdoniel, Wood, OH
Brett, Mccullan, San Diego, CA
Teddy, Pedrozo, Fairfield, CT
Tasia, Andreason, Hudson, NJ
Hubert, Walthall, Summit, OH
Arthur, Farrow, Bergen, NJ
Vilma, Berlanga, Kent, MI
Billye, Miro, Rankin, MS
Glenna, Slayton, Shelby, TN
Mitzie, Hudnall, Arapahoe, CO
Bernardine, Rodefer, Shelby, TN
Staci, Schmaltz, Los Angeles, CA
Nichelle, Meteer, Cook, IL
Janine, Rhoden, Queens, NY
Ettie, Hoopengardner, Benton, WA
Eden, Jayson, Baltimore City, MD
Lynelle, Auber, Essex, NJ
Merissa, Tomblin, Los Angeles, CA
Golda, Kaniecki, Ocean, NJ
Catarina, Gleich, Morris, NJ
Virgie, Kiel, Denver, CO
Jolene, Ostolaza, Newport News City, VA
Keneth, Borgman, Maricopa, AZ
Rikki, Nayar, Miami-Dade, FL
Elke, Sengbusch, Maricopa, AZ
Hoa, Sarao, Volusia, FL
Trinidad, Mcrae, San Francisco, CA
Mari, Lueckenbach, San Diego, CA
Selma, Husser, Hudson, NJ
Antione, Onofrio, San Bernardino, CA
Luisa, Jurney, Middlesex, MA
Clorinda, Heimann, San Diego, CA
Dick, Wenzinger, Los Angeles, CA
Ahmed, Angalich, Dauphin, PA
Iluminada, Ohms, Maricopa, AZ
Joanna, Leinenbach, Palm Beach, FL
Caprice, Suell, Davidson, TN
Stephane, Myricks, Boone, KY
Quentin, Swayze, Monroe, MI
Annmarie, Castros, Montgomery, TX
Shonda, Greenbush, Passaic, NJ
Cecil, Lapage, Hudson, NJ
Jeanice, Claucherty, Miami-Dade, FL
Josphine, Villanueva, Clay, TN
Cassi, Wildfong, Cook, IL
Britt, Galam, Montgomery, PA
Adell, Lipkin, Morris, NJ
Jacqueline, Rowling, Erie, PA
Lonny, Weglarz, Salt Lake, UT
Lonna, Diestel, Cumberland, NC
Cristal, Samara, Los Angeles, CA
Kenneth, Grenet, Ingham, MI
Elli, Mclaird, Oneida, NY
Alline, Jeanty, St Joseph, IN
Sharika, Eanes, Orange, FL
Nu, Mcnease, Hudson, NJ
Daniela, Comnick, Mercer, NJ
Cecilia, Colaizzo, Dane, WI
Leslie, Threets, Westchester, NY
Nan, Koppinger, Guilford, NC
Izetta, Dewar, Baltimore City, MD
Tegan, Arceo, Middlesex, NJ
Ruthann, Keener, Kerr, TX
Joni, Breland, Cook, IL
Vi, Rentfro, Monmouth, NJ
Colette, Kardas, Douglas, NE
Malcolm, Tromblay, Fairfax, VA
Ryan, Harnos, Collin, TX
Jess, Chaffins, New York, NY
Sharen, Bourbon, Nassau, NY
Nickolas, Juvera, Citrus, FL
Gary, Nunlee, Hancock, IN
Diane, Devreese, Buchanan, MO
Roslyn, Chavous, Hinds, MS
Glory, Schieler, Taylor, TX
Rasheeda, Sayaphon, Santa Clara, CA
Alpha, Palaia, Camden, NJ
Refugia, Jacobos, Alameda, CA
Shawnda, Yori, Seminole, FL
Mona, Delasancha, Laramie, WY
Gilma, Liukko, Nassau, NY
Janey, Gabisi, Dane, WI
Lili, Paskin, Hudson, NJ
Loren, Asar, Lackawanna, PA
Dorothy, Chesterfield, San Diego, CA
Gail, Similton, Riverside, CA
Catalina, Tillotson, Atlantic, NJ
Lawrence, Lorens, Providence, RI
Carlee, Boulter, Dickinson, KS
Thaddeus, Ankeny, Placer, CA
Jovita, Oles, Volusia, FL
Alesia, Hixenbaugh, District of Columbia, DC
Lai, Harabedian, Marin, CA
Brittni, Gillaspie, Ada, ID
Raylene, Kampa, Elkhart, IN
Flo, Bookamer, Box Butte, NE
Jani, Biddy, King, WA
Chauncey, Motley, Orange, FL
